{
  "description": "All 65 numeric parameters in the dataset with their actual data ranges (min, max, mean, std). Includes features that were dropped during feature selection.",
  "total_parameters": 65,
  "parameters": {
    "adjective_ratio": {
      "min": 0.05,
      "max": 0.228143,
      "mean": 0.095396,
      "std": 0.02554
    },
    "adverb_ratio": {
      "min": 0.020003,
      "max": 0.130374,
      "mean": 0.052733,
      "std": 0.017493
    },
    "anger_word_frequency": {
      "min": 2e-06,
      "max": 0.199452,
      "mean": 0.031266,
      "std": 0.0266
    },
    "avg_sentence_length": {
      "min": 5.000605,
      "max": 44.911115,
      "mean": 14.355624,
      "std": 5.443246
    },
    "emb_0": {
      "min": -4.027922,
      "max": 4.368631,
      "mean": -0.002197,
      "std": 1.001624
    },
    "emb_1": {
      "min": -4.07566,
      "max": 4.269866,
      "mean": -4e-06,
      "std": 0.998614
    },
    "emb_10": {
      "min": -4.280225,
      "max": 4.337424,
      "mean": -0.004867,
      "std": 0.999729
    },
    "emb_11": {
      "min": -4.0546,
      "max": 4.827623,
      "mean": -0.00088,
      "std": 1.000551
    },
    "emb_12": {
      "min": -4.648333,
      "max": 4.156753,
      "mean": -0.003258,
      "std": 0.996407
    },
    "emb_13": {
      "min": -4.513469,
      "max": 4.913122,
      "mean": -0.004307,
      "std": 0.996188
    },
    "emb_14": {
      "min": -4.534014,
      "max": 4.610534,
      "mean": 0.00624,
      "std": 0.999542
    },
    "emb_15": {
      "min": -4.085658,
      "max": 4.289265,
      "mean": -0.001173,
      "std": 0.990841
    },
    "emb_16": {
      "min": -3.833397,
      "max": 4.145065,
      "mean": 0.006609,
      "std": 0.996464
    },
    "emb_17": {
      "min": -4.435061,
      "max": 3.768626,
      "mean": 0.002485,
      "std": 0.995653
    },
    "emb_18": {
      "min": -3.951096,
      "max": 5.032374,
      "mean": -0.004377,
      "std": 0.999212
    },
    "emb_19": {
      "min": -4.34098,
      "max": 4.984215,
      "mean": 0.008384,
      "std": 1.002706
    },
    "emb_2": {
      "min": -4.000962,
      "max": 3.990724,
      "mean": 0.004563,
      "std": 1.003948
    },
    "emb_20": {
      "min": -4.263909,
      "max": 3.844948,
      "mean": -7.8e-05,
      "std": 1.002648
    },
    "emb_21": {
      "min": -4.016008,
      "max": 4.536173,
      "mean": -0.009303,
      "std": 1.002607
    },
    "emb_22": {
      "min": -4.127696,
      "max": 4.129566,
      "mean": 0.002827,
      "std": 0.998386
    },
    "emb_23": {
      "min": -4.448304,
      "max": 4.508388,
      "mean": 0.002496,
      "std": 1.002349
    },
    "emb_24": {
      "min": -4.980146,
      "max": 4.398326,
      "mean": -0.005445,
      "std": 1.000865
    },
    "emb_25": {
      "min": -4.421612,
      "max": 4.65949,
      "mean": -0.002111,
      "std": 1.002519
    },
    "emb_26": {
      "min": -3.924015,
      "max": 4.091571,
      "mean": -0.004325,
      "std": 0.998011
    },
    "emb_27": {
      "min": -4.57355,
      "max": 4.195254,
      "mean": 0.003925,
      "std": 1.000441
    },
    "emb_28": {
      "min": -3.867102,
      "max": 4.352343,
      "mean": 0.006306,
      "std": 1.004966
    },
    "emb_29": {
      "min": -4.431854,
      "max": 4.357233,
      "mean": 0.005987,
      "std": 1.003077
    },
    "emb_3": {
      "min": -3.935026,
      "max": 3.805293,
      "mean": -0.001879,
      "std": 0.99943
    },
    "emb_30": {
      "min": -3.949115,
      "max": 4.306512,
      "mean": -0.005988,
      "std": 0.997576
    },
    "emb_31": {
      "min": -4.625258,
      "max": 3.906581,
      "mean": 0.007225,
      "std": 0.999185
    },
    "emb_4": {
      "min": -4.484079,
      "max": 4.096923,
      "mean": 0.002515,
      "std": 0.995098
    },
    "emb_5": {
      "min": -3.959485,
      "max": 3.859278,
      "mean": -0.004056,
      "std": 0.996865
    },
    "emb_6": {
      "min": -4.369352,
      "max": 4.18948,
      "mean": -0.001993,
      "std": 1.004644
    },
    "emb_7": {
      "min": -4.509448,
      "max": 4.355286,
      "mean": 0.001995,
      "std": 1.004703
    },
    "emb_8": {
      "min": -4.03666,
      "max": 4.462388,
      "mean": -0.004726,
      "std": 1.001275
    },
    "emb_9": {
      "min": -3.917596,
      "max": 4.061257,
      "mean": -0.001845,
      "std": 0.994673
    },
    "fear_word_frequency": {
      "min": 0.0,
      "max": 0.279552,
      "mean": 0.036911,
      "std": 0.034885
    },
    "filler_word_frequency": {
      "min": 0.0,
      "max": 0.196282,
      "mean": 0.037435,
      "std": 0.025419
    },
    "future_focus_ratio": {
      "min": 1e-06,
      "max": 0.450833,
      "mean": 0.076164,
      "std": 0.053836
    },
    "language_hindi": {
      "min": 0.0,
      "max": 1.0,
      "mean": 0.3525,
      "std": 0.477753
    },
    "language_marathi": {
      "min": 0.0,
      "max": 1.0,
      "mean": 0.19958,
      "std": 0.399689
    },
    "language_model_perplexity": {
      "min": 20.012984,
      "max": 351.713214,
      "mean": 91.627307,
      "std": 40.150993
    },
    "negative_emotion_ratio": {
      "min": 2e-06,
      "max": 0.367089,
      "mean": 0.065994,
      "std": 0.045747
    },
    "noun_ratio": {
      "min": 0.100017,
      "max": 0.399309,
      "mean": 0.22143,
      "std": 0.048594
    },
    "overall_sentiment_score": {
      "min": -1.0,
      "max": 0.456388,
      "mean": -0.180118,
      "std": 0.305535
    },
    "parse_tree_depth": {
      "min": 2.000377,
      "max": 11.993986,
      "mean": 6.102026,
      "std": 1.87706
    },
    "past_focus_ratio": {
      "min": 2.3e-05,
      "max": 0.679867,
      "mean": 0.252723,
      "std": 0.090153
    },
    "positive_emotion_ratio": {
      "min": 0.0,
      "max": 0.117254,
      "mean": 0.033934,
      "std": 0.019588
    },
    "present_focus_ratio": {
      "min": 0.174798,
      "max": 0.986967,
      "mean": 0.671113,
      "std": 0.093775
    },
    "repetition_rate": {
      "min": 1e-06,
      "max": 0.198978,
      "mean": 0.058,
      "std": 0.033578
    },
    "rumination_phrase_frequency": {
      "min": 1e-06,
      "max": 0.246444,
      "mean": 0.03314,
      "std": 0.028785
    },
    "sadness_word_frequency": {
      "min": 9e-06,
      "max": 0.357205,
      "mean": 0.045757,
      "std": 0.038702
    },
    "self_reference_density": {
      "min": 3.5e-05,
      "max": 0.293308,
      "mean": 0.066011,
      "std": 0.041081
    },
    "semantic_coherence_score": {
      "min": 0.246472,
      "max": 1.0,
      "mean": 0.720285,
      "std": 0.133995
    },
    "topic_0": {
      "min": 0.0,
      "max": 0.997804,
      "mean": 0.19665,
      "std": 0.177191
    },
    "topic_1": {
      "min": 0.0,
      "max": 0.997202,
      "mean": 0.195825,
      "std": 0.176079
    },
    "topic_2": {
      "min": 0.0,
      "max": 0.997464,
      "mean": 0.195008,
      "std": 0.175264
    },
    "topic_3": {
      "min": 0.0,
      "max": 0.999978,
      "mean": 0.215913,
      "std": 0.183575
    },
    "topic_4": {
      "min": 0.0,
      "max": 0.999518,
      "mean": 0.196603,
      "std": 0.176849
    },
    "topic_shift_frequency": {
      "min": 0.000262,
      "max": 1.0,
      "mean": 0.793828,
      "std": 0.141082
    },
    "total_word_count": {
      "min": 50.0,
      "max": 1459.0,
      "mean": 339.2663,
      "std": 155.439351
    },
    "ttr": {
      "min": 0.200032,
      "max": 0.898708,
      "mean": 0.502362,
      "std": 0.11691
    },
    "uncertainty_word_frequency": {
      "min": 3e-06,
      "max": 0.295923,
      "mean": 0.043436,
      "std": 0.033345
    },
    "unique_word_count": {
      "min": 12.0,
      "max": 849.0,
      "mean": 170.1336,
      "std": 89.39374
    },
    "verb_ratio": {
      "min": 0.100008,
      "max": 0.349566,
      "mean": 0.185706,
      "std": 0.044851
    }
  }
}